{"cameraMode":{"drawMode":0,"name":"Shaded","section":"Shading Mode"},"sceneLighting":false,"audioPlay":false,"sceneViewState":{"m_AlwaysRefresh":false,"showFog":true,"showSkybox":false,"showFlares":true,"showImageEffects":true,"showParticleSystems":true,"showVisualEffectGraphs":true,"m_FxEnabled":true},"in2DMode":false,"pivot":{"x":-0.4648714065551758,"y":2.8682780265808107,"z":-2.332566738128662},"rotation":{"x":0.00014390426804311574,"y":-0.9997537732124329,"z":-0.005998707376420498,"w":-0.022201301530003549},"size":0.8660253882408142,"orthographic":false}