{"cameraMode":{"drawMode":0,"name":"Shaded","section":"Shading Mode"},"sceneLighting":false,"audioPlay":false,"sceneViewState":{"m_AlwaysRefresh":false,"showFog":true,"showSkybox":false,"showFlares":true,"showImageEffects":true,"showParticleSystems":true,"showVisualEffectGraphs":true,"m_FxEnabled":true},"in2DMode":false,"pivot":{"x":1082.5650634765625,"y":46.13568115234375,"z":-39.33427810668945},"rotation":{"x":-0.058399830013513568,"y":-0.054486408829689029,"z":0.0029827053658664228,"w":-0.9969452619552612},"size":1.0634276866912842,"orthographic":false}